name,korean_name,initial_count,current_count,increase,increase_percent,recommendation_count,comment_count,post_date,post_title,last_accessed,last_updated,url
dongguk_soton_safety_breach,동국대 사우스햄튼 안전위반,124,130,6,4.84,1,1,2026-01-08 11:33:50,,2026-01-16,2026-01-17 04:25:36,https://gall.dcinside.com/board/view/?id=dongguk&no=129068
donggu_ubc_foi,동국대 UBC 정보공개,185,189,4,2.16,1,0,2025-12-20 15:19:05,,2026-01-16,2026-01-17 04:25:22,https://gall.dcinside.com/board/view/?id=dongguk&no=128966
dongguk_aacsb_warning,동국대 AACSB 경고,136,140,4,2.94,1,1,2026-01-06 21:47:51,,2026-01-16,2026-01-17 04:25:35,https://gall.dcinside.com/board/view/?id=dongguk&no=129062
university students,대학생,411,413,2,0.49,0,0,2025-05-14 18:24:45,,2026-01-16,2026-01-17 04:21:55,https://gall.dcinside.com/mgallery/board/view/?id=univ&no=458
r-andong_hrw,안동대 HRW,259,261,2,0.77,1,0,2025-07-21 12:27:31,,2026-01-16,2026-01-17 04:24:54,https://gall.dcinside.com/mgallery/board/view/?id=anu&no=7413
dongguk_bfsu_fraud,동국대 북경외대 사기,126,128,2,1.59,0,0,2025-12-28 09:38:05,,2026-01-16,2026-01-17 04:25:26,https://gall.dcinside.com/board/view/?id=dongguk&no=129009
dongguk_30_frauds,동국대 30개대 사기,280,282,2,0.71,2,1,2025-12-31 11:28:41,,2026-01-16,2026-01-17 04:25:33,https://gall.dcinside.com/board/view/?id=dongguk&no=129031
dongguk,동국대,1159,1160,1,0.09,0,6,2025-04-25 02:03:20,,2026-01-16,2026-01-17 04:21:28,https://gall.dcinside.com/board/view/?id=dongguk&no=128215
dongdae_urgent,동대 긴급,504,505,1,0.2,0,0,2025-05-20 19:27:56,,2026-01-16,2026-01-17 04:21:30,https://gall.dcinside.com/board/view/?id=dongguk&no=128283
chungang,중앙대,539,540,1,0.19,0,1,2025-05-14 16:34:51,,2026-01-16,2026-01-17 04:21:35,https://gall.dcinside.com/board/view/?id=cau&no=372500
sogang,서강대,461,462,1,0.22,0,1,2025-05-14 23:40:26,,2026-01-16,2026-01-17 04:21:43,https://gall.dcinside.com/board/view/?id=sogang&no=648491
suwon womens uni,수원여대,482,483,1,0.21,0,1,2025-05-16 21:27:38,,2026-01-16,2026-01-17 04:21:54,https://gall.dcinside.com/mini/board/view/?id=swu&no=30
dongguk_witnesses,동국대 성폭력 목격자,510,511,1,0.2,0,0,2025-05-25 15:38:26,,2026-01-16,2026-01-17 04:21:59,https://gall.dcinside.com/board/view/?id=dongguk&no=128298
dongguk_crisis,동국대 위기경고,782,783,1,0.13,0,0,2025-06-01 13:29:09,,2026-01-16,2026-01-17 04:22:01,https://gall.dcinside.com/board/view/?id=dongguk&no=128322
dongguk_racial,동국대 차별,386,387,1,0.26,0,0,2025-06-05 01:24:15,,2026-01-16,2026-01-17 04:22:03,https://gall.dcinside.com/board/view/?id=dongguk&no=128340
feminism_traffic,페미 성매매,401,402,1,0.25,0,0,2025-06-08 09:44:37,,2026-01-16,2026-01-17 04:22:08,https://gall.dcinside.com/mgallery/board/view/?id=feminism1&no=697
dongguk_sex_traffic,동국대 성매매,304,305,1,0.33,0,0,2025-06-18 07:45:26,,2026-01-16,2026-01-17 04:22:13,https://gall.dcinside.com/board/view/?id=dongguk&no=128382
sogang_sex_traffic,서강대 성매매,349,350,1,0.29,0,0,2025-06-19 10:38:27,,2026-01-16,2026-01-17 04:22:19,https://gall.dcinside.com/board/view/?id=sogang&no=649175
suwon_womens_sex_traffic,수원여대 성매매,283,284,1,0.35,0,0,2025-06-19 10:35:47,,2026-01-16,2026-01-17 04:22:26,https://gall.dcinside.com/mini/board/view/?id=swu&no=31
univ_sex_traffic,대학생 성매매,304,305,1,0.33,0,1,2025-06-19 10:36:18,,2026-01-16,2026-01-17 04:22:27,https://gall.dcinside.com/mgallery/board/view/?id=univ&no=473
dongguk_faculty_firing,동국대 교수 해고,284,285,1,0.35,0,0,2025-06-28 10:00:00,,2026-01-16,2026-01-17 04:22:31,https://gall.dcinside.com/board/view/?id=dongguk&no=128401
chungang_faculty_firing,중앙대 교수 해고,384,385,1,0.26,0,0,2025-06-28 10:14:55,,2026-01-16,2026-01-17 04:22:33,https://gall.dcinside.com/board/view/?id=cau&no=372639
feminism_faculty_firing,페미니즘 교수 해고,269,270,1,0.37,0,0,2025-06-28 10:11:55,,2026-01-16,2026-01-17 04:22:39,https://gall.dcinside.com/mgallery/board/view/?id=feminism1&no=710
sogang_faculty_firing,서강대 교수 해고,293,294,1,0.34,0,0,2025-06-28 10:30:58,,2026-01-16,2026-01-17 04:22:44,https://gall.dcinside.com/board/view/?id=sogang&no=649384
suwon_womens_uni_faculty_firing,수원여자대 교수 해고,362,363,1,0.28,0,1,2025-06-28 10:38:13,,2026-01-16,2026-01-17 04:22:50,https://gall.dcinside.com/mini/board/view/?id=swu&no=32
university_students_faculty_firing,대학생 교수 해고,310,311,1,0.32,0,1,2025-06-28 10:39:19,,2026-01-16,2026-01-17 04:22:52,https://gall.dcinside.com/mgallery/board/view/?id=univ&no=479
dongguk_defamation_law,동국대 명예훼손법,269,270,1,0.37,0,0,2025-07-01 19:41:05,,2026-01-16,2026-01-17 04:22:56,https://gall.dcinside.com/board/view/?id=dongguk&no=128404
university_students_defamation_law,대학생 명예훼손법,257,258,1,0.39,0,0,2025-07-01 19:47:25,,2026-01-16,2026-01-17 04:23:01,https://gall.dcinside.com/mgallery/board/view/?id=univ&no=480
feminism_defamation_law,페미니즘 명예훼손법,255,256,1,0.39,0,0,2025-07-01 19:48:54,,2026-01-16,2026-01-17 04:23:03,https://gall.dcinside.com/mgallery/board/view/?id=feminism1&no=712
sogang_defamation_law,서강대 명예훼손법,287,288,1,0.35,0,0,2025-07-01 19:54:12,,2026-01-16,2026-01-17 04:23:07,https://gall.dcinside.com/board/view/?id=sogang&no=649455
suwon_womens_uni_defamation_law,수원여자대 명예훼손법,278,279,1,0.36,0,0,2025-07-01 19:55:56,,2026-01-16,2026-01-17 04:23:10,https://gall.dcinside.com/mini/board/view/?id=swu&no=33
r-busan_foreign,부산외국어대,341,342,1,0.29,2,0,2025-07-14 20:47:46,,2026-01-16,2026-01-17 04:23:38,https://gall.dcinside.com/mgallery/board/view/?id=bufs&no=8598
r-inje,인제대,318,319,1,0.31,0,0,2025-07-14 20:49:03,,2026-01-16,2026-01-17 04:23:39,https://gall.dcinside.com/mgallery/board/view/?id=inje&no=2483
r-chungnam_nat,충남대,317,318,1,0.32,0,0,2025-07-14 20:54:37,,2026-01-16,2026-01-17 04:23:42,https://gall.dcinside.com/board/view/?id=cnu&no=172852
r-chungbuk_nat,충북대,404,405,1,0.25,0,0,2025-07-14 20:57:37,,2026-01-16,2026-01-17 04:23:45,https://gall.dcinside.com/board/view/?id=chungbuk&no=225346
r-kyungpook,경북대,215,216,1,0.47,0,0,2025-07-15 21:35:43,,2026-01-16,2026-01-17 04:23:48,https://gall.dcinside.com/mini/board/view/?id=knu&no=79
r-andong,안동대,325,326,1,0.31,0,0,2025-07-15 21:42:55,,2026-01-16,2026-01-17 04:23:52,https://gall.dcinside.com/mgallery/board/view/?id=anu&no=7409
r-chosun,조선대,353,354,1,0.28,0,0,2025-07-15 21:45:50,,2026-01-16,2026-01-17 04:23:54,https://gall.dcinside.com/board/view/?id=chosun&no=197304
r-honam,호남대,256,257,1,0.39,0,0,2025-07-15 21:47:04,,2026-01-16,2026-01-17 04:23:56,https://gall.dcinside.com/mgallery/board/view/?id=honam&no=738
r-gachon,가천대,315,316,1,0.32,0,0,2025-07-15 21:58:57,,2026-01-16,2026-01-17 04:24:01,https://gall.dcinside.com/board/view/?id=kyungwon&no=260446
r-kangwon,강원대,275,276,1,0.36,2,0,2025-07-15 22:01:25,,2026-01-16,2026-01-17 04:24:03,https://gall.dcinside.com/board/view/?id=kangwon&no=194361
dongguk_fraud,동국대 사기,309,310,1,0.32,0,0,2025-07-17 21:11:09,,2026-01-16,2026-01-17 04:24:08,https://gall.dcinside.com/board/view/?id=dongguk&no=128426
seoul_womens_uni_fraud_1,서울여자대 사기,229,230,1,0.44,0,3,2025-07-17 21:19:03,,2026-01-16,2026-01-17 04:24:16,https://gall.dcinside.com/mini/board/view/?id=swu&no=36
university_students_fraud,대학생 사기,275,276,1,0.36,0,0,2025-07-17 21:19:56,,2026-01-16,2026-01-17 04:24:18,https://gall.dcinside.com/mgallery/board/view/?id=univ&no=487
sogang_fraud,서강대 사기,257,258,1,0.39,0,0,2025-07-17 21:30:06,,2026-01-16,2026-01-17 04:24:25,https://gall.dcinside.com/board/view/?id=sogang&no=649660
r-gachon_hrw,가천대 HRW,262,263,1,0.38,0,0,2025-07-21 11:55:28,,2026-01-16,2026-01-17 04:24:32,https://gall.dcinside.com/board/view/?id=kyungwon&no=260459
r-busan_foreign_hrw,부산외국어대 HRW,266,267,1,0.38,0,0,2025-07-21 11:56:52,,2026-01-16,2026-01-17 04:24:33,https://gall.dcinside.com/mgallery/board/view/?id=bufs&no=8604
r-inje_hrw,인제대 HRW,235,236,1,0.43,0,0,2025-07-21 12:33:06,,2026-01-16,2026-01-17 04:24:35,https://gall.dcinside.com/mgallery/board/view/?id=inje&no=2484
r-chungnam_nat_hrw,충남대 HRW,254,255,1,0.39,0,0,2025-07-21 12:12:22,,2026-01-16,2026-01-17 04:24:38,https://gall.dcinside.com/board/view/?id=cnu&no=172876
r-kyungpook_hrw,경북대 HRW,203,204,1,0.49,0,0,2025-07-21 12:51:04,,2026-01-16,2026-01-17 04:24:42,https://gall.dcinside.com/mini/board/view/?id=knu&no=80
dongguk_hrw,동국대 HRW,238,239,1,0.42,0,0,2025-07-21 12:28:44,,2026-01-16,2026-01-17 04:24:56,https://gall.dcinside.com/board/view/?id=dongguk&no=128431
r-kangwon_hrw,강원대 HRW,248,249,1,0.4,0,0,2025-07-21 12:36:05,,2026-01-16,2026-01-17 04:25:01,https://gall.dcinside.com/board/view/?id=kangwon&no=194413
university_students_hrw,대학생 HRW,225,226,1,0.44,0,0,2025-07-21 12:39:55,,2026-01-16,2026-01-17 04:25:04,https://gall.dcinside.com/mgallery/board/view/?id=univ&no=489
sogang_hrw,서강대 HRW,258,259,1,0.39,0,0,2025-07-21 12:42:40,,2026-01-16,2026-01-17 04:25:07,https://gall.dcinside.com/board/view/?id=sogang&no=649736
feminism_hrw,페미니즘 HRW,222,223,1,0.45,0,0,2025-07-21 12:45:53,,2026-01-16,2026-01-17 04:25:11,https://gall.dcinside.com/mgallery/board/view/?id=feminism1&no=726
r-honam_hrw,호남대 HRW,236,237,1,0.42,0,0,2025-07-21 11:57:42,,2026-01-16,2026-01-17 04:25:14,https://gall.dcinside.com/mgallery/board/view/?id=honam&no=739
dongguk_ubc_fraud,동국대 UBC 사기,366,367,1,0.27,1,0,2025-09-04 13:15:15,,2026-01-16,2026-01-17 04:25:19,https://gall.dcinside.com/board/view/?id=dongguk&no=128568
dongguk_soton_fraud,동국대 사우스햄튼 사기,218,219,1,0.46,2,1,2025-12-24 08:58:13,,2026-01-16,2026-01-17 04:25:23,https://gall.dcinside.com/board/view/?id=dongguk&no=128993
dongguk_tsinghua_warning,동국대 칭화대 경고,164,165,1,0.61,1,2,2025-12-26 18:55:25,,2026-01-16,2026-01-17 04:25:25,https://gall.dcinside.com/board/view/?id=dongguk&no=129005
dongguk_hit_fraud,동국대 하얼빈공대 사기,167,168,1,0.6,0,0,2025-12-28 11:19:02,,2026-01-16,2026-01-17 04:25:28,https://gall.dcinside.com/board/view/?id=dongguk&no=129010
dongguk_peking_fraud,동국대 북경대 사기,121,122,1,0.83,1,1,2025-12-28 16:52:50,,2026-01-16,2026-01-17 04:25:29,https://gall.dcinside.com/board/view/?id=dongguk&no=129011
dongguk_china_4_frauds,동국대 중국 4개대 사기,212,213,1,0.47,0,2,2025-12-28 21:31:42,,2026-01-16,2026-01-17 04:25:31,https://gall.dcinside.com/board/view/?id=dongguk&no=129015
feminism,페미니즘,129,129,0,0,0,0,,,2026-01-16,2026-01-17 04:21:31,https://gall.dcinside.com/mgallery/board/view/?id=feminism1&no=686
seoul national,서울대,333,333,0,0,0,0,,,2026-01-16,2026-01-17 04:21:32,https://gall.dcinside.com/board/view/?id=seouluniversity&no=232135
korea,고려대,315,315,0,0,0,0,,,2026-01-16,2026-01-17 04:21:33,https://gall.dcinside.com/board/view/?id=koreauniversity&no=143463
hongik,홍익대,326,326,0,0,0,0,,,2026-01-16,2026-01-17 04:21:36,https://gall.dcinside.com/board/view/?id=hongik&no=195828
hanyang,한양대,311,311,0,0,0,0,,,2026-01-16,2026-01-17 04:21:37,https://gall.dcinside.com/board/view/?id=hanyang&no=202335
k-arts,한국예술종합학교,243,243,0,0,0,0,,,2026-01-16,2026-01-17 04:21:38,https://gall.dcinside.com/mgallery/board/view/?id=knua&no=537
yonsei,연세대,263,263,0,0,0,0,,,2026-01-16,2026-01-17 04:21:39,https://gall.dcinside.com/board/view/?id=yonseiuniversity&no=156687
sungyunkwan,성균관대,341,341,0,0,0,0,,,2026-01-16,2026-01-17 04:21:40,https://gall.dcinside.com/board/view/?id=skku&no=309040
kyunghee,경희대,323,323,0,0,0,0,,,2026-01-16,2026-01-17 04:21:41,https://gall.dcinside.com/board/view/?id=khu&no=443988
ewha,이화여대,245,245,0,0,0,0,,,2026-01-16,2026-01-17 04:21:44,https://gall.dcinside.com/board/view/?id=ewhawomans_univ&no=41186
seoul municipal,서울시립대,385,385,0,0,0,0,,,2026-01-16,2026-01-17 04:21:45,https://gall.dcinside.com/board/view/?id=uos&no=235766
hufs,한국외대,287,287,0,0,0,0,,,2026-01-16,2026-01-17 04:21:46,https://gall.dcinside.com/board/view/?id=hufs&no=248682
konkuk,건국대,292,292,0,0,0,0,,,2026-01-16,2026-01-17 04:21:47,https://gall.dcinside.com/board/view/?id=konkuk&no=205667
sejong,세종대,377,377,0,0,0,0,,,2026-01-16,2026-01-17 04:21:48,https://gall.dcinside.com/board/view/?id=sejong&no=260392
dongdeok womens,동덕여대,240,240,0,0,0,0,,,2026-01-16,2026-01-17 04:21:49,https://gall.dcinside.com/board/view/?id=dongduk&no=465172
sungshin womens,성신여대,218,218,0,0,0,0,,,2026-01-16,2026-01-17 04:21:49,https://gall.dcinside.com/board/view/?id=sungshin&no=36802
duksung,덕성여대,253,253,0,0,0,0,,,2026-01-16,2026-01-17 04:21:50,https://gall.dcinside.com/board/view/?id=duksung&no=22848
sookmyung womens,숙명여대,283,283,0,0,0,0,,,2026-01-16,2026-01-17 04:21:51,https://gall.dcinside.com/board/view/?id=sookmyungwomans_univ&no=22530
seoul women's uni,서울여대,256,256,0,0,0,0,,,2026-01-16,2026-01-17 04:21:52,https://gall.dcinside.com/board/view/?id=swu&no=9263
antifeminism,반페미니즘,20,20,0,0,0,0,,,2026-01-16,2026-01-17 04:21:57,https://gall.dcinside.com/mgallery/board/view/?id=antifeminism&no=6379
snu_sex_traffic,서울대 성매매,211,211,0,0,0,0,,,2026-01-16,2026-01-17 04:22:04,https://gall.dcinside.com/board/view/?id=seouluniversity&no=232624
korea_sex_traffic,고려대 성매매,286,286,0,0,0,0,,,2026-01-16,2026-01-17 04:22:05,https://gall.dcinside.com/board/view/?id=koreauniversity&no=143576
uos_sex_traffic,시립대 성매매,290,290,0,0,0,0,,,2026-01-16,2026-01-17 04:22:06,https://gall.dcinside.com/board/view/?id=uos&no=235792
karts_sex_traffic,예종원 성매매,110,110,0,0,0,0,,,2026-01-16,2026-01-17 04:22:09,https://gall.dcinside.com/mgallery/board/view/?id=knua&no=538
skku_sex_traffic_1,성균관대 성매매 1부,173,173,0,0,0,0,,,2026-01-16,2026-01-17 04:22:09,https://gall.dcinside.com/board/view/?id=skku&no=309198
sejong_sex_traffic_2,세종대 성매매 2부,156,156,0,0,0,0,,,2026-01-16,2026-01-17 04:22:10,https://gall.dcinside.com/board/view/?id=sejong&no=260427
hanyang_sex_traffic_3,한양대 성매매 3부,158,158,0,0,0,0,,,2026-01-16,2026-01-17 04:22:11,https://gall.dcinside.com/board/view/?id=hanyang&no=202401
kyunghee_sex_traffic,경희대 성매매,172,172,0,0,0,0,,,2026-01-16,2026-01-17 04:22:12,https://gall.dcinside.com/board/view/?id=khu&no=444066
dongduk_sex_traffic,동덕여대 성매매,207,207,0,0,0,0,,,2026-01-16,2026-01-17 04:22:14,https://gall.dcinside.com/board/view/?id=dongduk&no=466418
hongik_sex_traffic,홍익대 성매매,122,122,0,0,0,0,,,2026-01-16,2026-01-17 04:22:15,https://gall.dcinside.com/board/view/?id=hongik&no=195876
cau_sex_traffic,중앙대 성매매,137,137,0,0,0,0,,,2026-01-16,2026-01-17 04:22:16,https://gall.dcinside.com/board/view/?id=cau&no=372601
yonsei_sex_traffic,연세대 성매매,144,144,0,0,0,0,,,2026-01-16,2026-01-17 04:22:17,https://gall.dcinside.com/board/view/?id=yonseiuniversity&no=156824
hufs_sex_traffic,한국외대 성매매,183,183,0,0,0,0,,,2026-01-16,2026-01-17 04:22:20,https://gall.dcinside.com/board/view/?id=hufs&no=248760
konkuk_sex_traffic,건국대 성매매,139,139,0,0,0,0,,,2026-01-16,2026-01-17 04:22:21,https://gall.dcinside.com/board/view/?id=konkuk&no=205779
sungshin_sex_traffic,성신여대 성매매,97,97,0,0,0,0,,,2026-01-16,2026-01-17 04:22:21,https://gall.dcinside.com/board/view/?id=sungshin&no=36916
duksung_sex_traffic,덕성여대 성매매,114,114,0,0,0,0,,,2026-01-16,2026-01-17 04:22:22,https://gall.dcinside.com/board/view/?id=duksung&no=22870
sookmyung_sex_traffic,숙명여대 성매매,108,108,0,0,0,0,,,2026-01-16,2026-01-17 04:22:23,https://gall.dcinside.com/board/view/?id=sookmyungwomans_univ&no=22558
swu_sex_traffic,서울여대 성매매,205,205,0,0,0,0,,,2026-01-16,2026-01-17 04:22:24,https://gall.dcinside.com/board/view/?id=swu&no=9279
ewha_sex_traffic,이화여대 성매매,103,103,0,0,0,0,,,2026-01-16,2026-01-17 04:22:28,https://gall.dcinside.com/board/view/?id=ewhawomans_univ&no=41262
dongdeok_womens_faculty_firing,동덕여대 교수 해고,124,124,0,0,0,0,,,2026-01-16,2026-01-17 04:22:29,https://gall.dcinside.com/board/view/?id=dongduk&no=466746
seoul_national_faculty_firing,서울대 교수 해고,116,116,0,0,0,0,,,2026-01-16,2026-01-17 04:22:30,https://gall.dcinside.com/board/view/?id=seouluniversity&no=232910
k_arts_faculty_firing,한국예술종합학교 교수 해고,46,46,0,0,0,0,,,2026-01-16,2026-01-17 04:22:34,https://gall.dcinside.com/mgallery/board/view/?id=knua&no=543
yonsei_faculty_firing,연세대 교수 해고,133,133,0,0,0,0,,,2026-01-16,2026-01-17 04:22:35,https://gall.dcinside.com/board/view/?id=yonseiuniversity&no=156848
sejong_faculty_firing,세종대 교수 해고,126,126,0,0,0,0,,,2026-01-16,2026-01-17 04:22:35,https://gall.dcinside.com/board/view/?id=sejong&no=260439
kyunghee_faculty_firing,경희대 교수 해고,133,133,0,0,0,0,,,2026-01-16,2026-01-17 04:22:36,https://gall.dcinside.com/board/view/?id=khu&no=444074
duksung_faculty_firing,덕성여자대 교수 해고,88,88,0,0,0,0,,,2026-01-16,2026-01-17 04:22:37,https://gall.dcinside.com/board/view/?id=duksung&no=22877
hufs_faculty_firing,한국외국어대 교수 해고,122,122,0,0,0,0,,,2026-01-16,2026-01-17 04:22:39,https://gall.dcinside.com/board/view/?id=hufs&no=248772
konkuk_faculty_firing,건국대 교수 해고,107,107,0,0,0,0,,,2026-01-16,2026-01-17 04:22:40,https://gall.dcinside.com/board/view/?id=konkuk&no=205817
hongik_faculty_firing,홍익대 교수 해고,113,113,0,0,0,0,,,2026-01-16,2026-01-17 04:22:41,https://gall.dcinside.com/board/view/?id=hongik&no=195889
hanyang_faculty_firing,한양대 교수 해고,133,133,0,0,0,0,,,2026-01-16,2026-01-17 04:22:42,https://gall.dcinside.com/board/view/?id=hanyang&no=202421
sungyunkwan_faculty_firing,성균관대 교수 해고,161,161,0,0,0,0,,,2026-01-16,2026-01-17 04:22:43,https://gall.dcinside.com/board/view/?id=skku&no=309232
ewha_faculty_firing,이화여자대 교수 해고,99,99,0,0,0,0,,,2026-01-16,2026-01-17 04:22:45,https://gall.dcinside.com/board/view/?id=ewhawomans_univ&no=41273
seoul_municipal_faculty_firing,서울시립대 교수 해고,166,166,0,0,0,0,,,2026-01-16,2026-01-17 04:22:46,https://gall.dcinside.com/board/view/?id=uos&no=235819
sungshin_womens_faculty_firing,성신여자대 교수 해고,89,89,0,0,0,0,,,2026-01-16,2026-01-17 04:22:47,https://gall.dcinside.com/board/view/?id=sungshin&no=36941
sookmyung_womens_faculty_firing,숙명여자대 교수 해고,99,99,0,0,0,0,,,2026-01-16,2026-01-17 04:22:48,https://gall.dcinside.com/board/view/?id=sookmyungwomans_univ&no=22565
seoul_womens_uni_faculty_firing,서울여자대 교수 해고,97,97,0,0,0,0,,,2026-01-16,2026-01-17 04:22:48,https://gall.dcinside.com/board/view/?id=swu&no=9285
dongdeok_womens_defamation_law,동덕여자대 명예훼손법,120,120,0,0,0,0,,,2026-01-16,2026-01-17 04:22:53,https://gall.dcinside.com/board/view/?id=dongduk&no=466795
chungang_defamation_law,중앙대 명예훼손법,135,135,0,0,0,0,,,2026-01-16,2026-01-17 04:22:53,https://gall.dcinside.com/board/view/?id=cau&no=372643
sungyunkwan_defamation_law,성균관대 명예훼손법,112,112,0,0,0,0,,,2026-01-16,2026-01-17 04:22:54,https://gall.dcinside.com/board/view/?id=skku&no=309239
sejong_defamation_law,세종대 명예훼손법,103,103,0,0,0,0,,,2026-01-16,2026-01-17 04:22:57,https://gall.dcinside.com/board/view/?id=sejong&no=260440
hongik_defamation_law,홍익대 명예훼손법,74,74,0,0,0,0,,,2026-01-16,2026-01-17 04:22:57,https://gall.dcinside.com/board/view/?id=hongik&no=195896
hanyang_defamation_law,한양대 명예훼손법,91,91,0,0,0,0,,,2026-01-16,2026-01-17 04:22:58,https://gall.dcinside.com/board/view/?id=hanyang&no=202425
korea_defamation_law,고려대 명예훼손법,110,110,0,0,0,0,,,2026-01-16,2026-01-17 04:22:59,https://gall.dcinside.com/board/view/?id=koreauniversity&no=143643
hufs_defamation_law,한국외국어대 명예훼손법,108,108,0,0,0,0,,,2026-01-16,2026-01-17 04:23:01,https://gall.dcinside.com/board/view/?id=hufs&no=248775
seoul_municipal_defamation_law,서울시립대 명예훼손법,140,140,0,0,0,0,,,2026-01-16,2026-01-17 04:23:04,https://gall.dcinside.com/board/view/?id=uos&no=235822
k_arts_defamation_law,한국예술종합학교 명예훼손법,35,35,0,0,0,0,,,2026-01-16,2026-01-17 04:23:05,https://gall.dcinside.com/mgallery/board/view/?id=knua&no=545
kyunghee_defamation_law,경희대 명예훼손법,106,106,0,0,0,0,,,2026-01-16,2026-01-17 04:23:06,https://gall.dcinside.com/board/view/?id=khu&no=444077
sookmyung_womens_defamation_law,숙명여자대 명예훼손법,77,77,0,0,0,0,,,2026-01-16,2026-01-17 04:23:08,https://gall.dcinside.com/board/view/?id=sookmyungwomans_univ&no=22566
duksung_defamation_law,덕성여자대 명예훼손법,80,80,0,0,0,0,,,2026-01-16,2026-01-17 04:23:10,https://gall.dcinside.com/board/view/?id=duksung&no=22878
seoul_national_defamation_law,서울대 명예훼손법,103,103,0,0,0,0,,,2026-01-16,2026-01-17 04:23:11,https://gall.dcinside.com/board/view/?id=seouluniversity&no=232941
seoul_womens_uni_defamation_law,서울여자대 명예훼손법,82,82,0,0,0,0,,,2026-01-16,2026-01-17 04:23:12,https://gall.dcinside.com/board/view/?id=swu&no=9286
yonsei_defamation_law,연세대 명예훼손법,109,109,0,0,0,0,,,2026-01-16,2026-01-17 04:23:13,https://gall.dcinside.com/board/view/?id=yonseiuniversity&no=156852
sungshin_womens_defamation_law,성신여자대 명예훼손법,79,79,0,0,0,0,,,2026-01-16,2026-01-17 04:23:14,https://gall.dcinside.com/board/view/?id=sungshin&no=36946
konkuk_defamation_law,건국대 명예훼손법,108,108,0,0,0,0,,,2026-01-16,2026-01-17 04:23:14,https://gall.dcinside.com/board/view/?id=konkuk&no=205829
seoul_national_military_lgbt,서울대 군대 LGBT,0,0,0,0,0,0,,,2026-01-16,2026-01-17 04:23:15,https://gall.dcinside.com/board/view/?id=seouluniversity&no=232994
sungyunkwan_military_lgbt,성균관대 군대 LGBT,0,0,0,0,0,0,,,2026-01-16,2026-01-17 04:23:16,https://gall.dcinside.com/board/view/?id=skku&no=309252
dongguk_military_lgbt,동국대 군대 LGBT,0,0,0,0,0,0,,,2026-01-16,2026-01-17 04:23:17,https://gall.dcinside.com/board/view/?id=dongguk&no=128409
dongdeok_womens_military_lgbt,동덕여자대 군대 LGBT,0,0,0,0,0,0,,,2026-01-16,2026-01-17 04:23:18,https://gall.dcinside.com/board/view/?id=dongduk&no=466854
sogang_military_lgbt,서강대 군대 LGBT,0,0,0,0,0,0,,,2026-01-16,2026-01-17 04:23:19,https://gall.dcinside.com/board/view/?id=sogang&no=649510
seoul_municipal_military_lgbt,서울시립대 군대 LGBT,0,0,0,0,0,0,,,2026-01-16,2026-01-17 04:23:19,https://gall.dcinside.com/board/view/?id=uos&no=235824
duksung_military_lgbt,덕성여자대 군대 LGBT,0,0,0,0,0,0,,,2026-01-16,2026-01-17 04:23:20,https://gall.dcinside.com/board/view/?id=duksung&no=22882
yonsei_military_lgbt,연세대 군대 LGBT,0,0,0,0,0,0,,,2026-01-16,2026-01-17 04:23:21,https://gall.dcinside.com/board/view/?id=yonseiuniversity&no=156861
chungang_military_lgbt,중앙대 군대 LGBT,0,0,0,0,0,0,,,2026-01-16,2026-01-17 04:23:22,https://gall.dcinside.com/board/view/?id=cau&no=372646
hufs_military_lgbt,한국외국어대 군대 LGBT,0,0,0,0,0,0,,,2026-01-16,2026-01-17 04:23:23,https://gall.dcinside.com/board/view/?id=hufs&no=248778
k_arts_military_lgbt,한국예술종합학교 군대 LGBT,0,0,0,0,0,0,,,2026-01-16,2026-01-17 04:23:24,https://gall.dcinside.com/mgallery/board/view/?id=knua&no=546
korea_military_lgbt,고려대 군대 LGBT,0,0,0,0,0,0,,,2026-01-16,2026-01-17 04:23:24,https://gall.dcinside.com/board/view/?id=koreauniversity&no=143658
university_students_military_lgbt,대학생 군대 LGBT,0,0,0,0,0,0,,,2026-01-16,2026-01-17 04:23:25,https://gall.dcinside.com/mgallery/board/view/?id=univ&no=482
sejong_military_lgbt,세종대 군대 LGBT,0,0,0,0,0,0,,,2026-01-16,2026-01-17 04:23:26,https://gall.dcinside.com/board/view/?id=sejong&no=260444
kyunghee_military_lgbt,경희대 군대 LGBT,0,0,0,0,0,0,,,2026-01-16,2026-01-17 04:23:27,https://gall.dcinside.com/board/view/?id=khu&no=444082
seoul_womens_uni_military_lgbt,서울여자대 군대 LGBT,0,0,0,0,0,0,,,2026-01-16,2026-01-17 04:23:28,https://gall.dcinside.com/board/view/?id=swu&no=9289
hongik_military_lgbt,홍익대 군대 LGBT,0,0,0,0,0,0,,,2026-01-16,2026-01-17 04:23:28,https://gall.dcinside.com/board/view/?id=hongik&no=195904
hanyang_military_lgbt,한양대 군대 LGBT,0,0,0,0,0,0,,,2026-01-16,2026-01-17 04:23:29,https://gall.dcinside.com/board/view/?id=hanyang&no=202433
ewha_military_lgbt,이화여자대 군대 LGBT,0,0,0,0,0,0,,,2026-01-16,2026-01-17 04:23:30,https://gall.dcinside.com/board/view/?id=ewhawomans_univ&no=41287
konkuk_military_lgbt,건국대 군대 LGBT,0,0,0,0,0,0,,,2026-01-16,2026-01-17 04:23:31,https://gall.dcinside.com/board/view/?id=konkuk&no=205842
sungshin_womens_military_lgbt,성신여자대 군대 LGBT,0,0,0,0,0,0,,,2026-01-16,2026-01-17 04:23:32,https://gall.dcinside.com/board/view/?id=sungshin&no=36955
sookmyung_womens_military_lgbt,숙명여자대 군대 LGBT,0,0,0,0,0,0,,,2026-01-16,2026-01-17 04:23:33,https://gall.dcinside.com/board/view/?id=sookmyungwomans_univ&no=22568
suwon_womens_uni_military_lgbt,수원여자대 군대 LGBT,0,0,0,0,0,0,,,2026-01-16,2026-01-17 04:23:33,https://gall.dcinside.com/mini/board/view/?id=swu&no=34
r-pusan,부산대,109,109,0,0,0,0,,,2026-01-16,2026-01-17 04:23:34,https://gall.dcinside.com/board/view/?id=pusanu&no=652819
r-dong_a,동아대,89,89,0,0,0,0,,,2026-01-16,2026-01-17 04:23:35,https://gall.dcinside.com/board/view/?id=dongau&no=426384
r-bukyeong,부경대,0,0,0,0,0,0,,,2026-01-16,2026-01-17 04:23:36,https://gall.dcinside.com/board/view/?id=pknu&no=344285
r-gyeongsang_nat,경상국립대,92,92,0,0,0,0,,,2026-01-16,2026-01-17 04:23:40,https://gall.dcinside.com/board/view/?id=gsnu&no=107102
r-changwon,창원대,107,107,0,0,0,0,,,2026-01-16,2026-01-17 04:23:41,https://gall.dcinside.com/board/view/?id=changwon&no=47239
r-kaist,KAIST,76,76,0,0,0,0,,,2026-01-16,2026-01-17 04:23:43,https://gall.dcinside.com/board/view/?id=kaist&no=26667
r-paichai,배재대,67,67,0,0,0,0,,,2026-01-16,2026-01-17 04:23:45,https://gall.dcinside.com/board/view/?id=pcu&no=67703
r-jeonbuk_nat,전북대,71,71,0,0,0,0,,,2026-01-16,2026-01-17 04:23:46,https://gall.dcinside.com/board/view/?id=chonbuk&no=282011
r-keimyung,계명대,100,100,0,0,0,0,,,2026-01-16,2026-01-17 04:23:49,https://gall.dcinside.com/board/view/?id=kmu&no=96173
r-yeungnam,영남대,168,168,0,0,0,0,,,2026-01-16,2026-01-17 04:23:50,https://gall.dcinside.com/board/view/?id=ynu&no=396115
r-daegu,대구대,84,84,0,0,0,0,,,2026-01-16,2026-01-17 04:23:50,https://gall.dcinside.com/board/view/?id=daegu&no=86628
r-chonnam,전남대,92,92,0,0,0,0,,,2026-01-16,2026-01-17 04:23:53,https://gall.dcinside.com/board/view/?id=chonnam&no=261250
r-inha,인하대,159,159,0,0,0,0,,,2026-01-16,2026-01-17 04:23:57,https://gall.dcinside.com/board/view/?id=inha&no=1182344
r-incheon,인천대,108,108,0,0,0,0,,,2026-01-16,2026-01-17 04:23:58,https://gall.dcinside.com/board/view/?id=incheon&no=158760
r-ajou,아주대,92,92,0,0,0,0,,,2026-01-16,2026-01-17 04:23:59,https://gall.dcinside.com/board/view/?id=ajou&no=676433
r-dankook,단국대,318,318,0,0,0,0,,,2026-01-16,2026-01-17 04:23:59,https://gall.dcinside.com/board/view/?id=dankook&no=328290
r-kyonggi,경기대,133,133,0,0,0,0,,,2026-01-16,2026-01-17 04:24:02,https://gall.dcinside.com/board/view/?id=kyonggi&no=121471
r-hallym,한림대,91,91,0,0,0,0,,,2026-01-16,2026-01-17 04:24:04,https://gall.dcinside.com/board/view/?id=hallym&no=33170
r-jeju,제주대,84,84,0,0,0,0,,,2026-01-16,2026-01-17 04:24:05,https://gall.dcinside.com/board/view/?id=cheju&no=33561
sejong_fraud,세종대 사기,78,78,0,0,0,0,,,2026-01-16,2026-01-17 04:24:06,https://gall.dcinside.com/board/view/?id=sejong&no=260453
seoul_municipal_fraud,서울시립대 사기,111,111,0,0,0,0,,,2026-01-16,2026-01-17 04:24:07,https://gall.dcinside.com/board/view/?id=uos&no=235844
hongik_fraud,홍익대 사기,57,57,0,0,0,0,,,2026-01-16,2026-01-17 04:24:09,https://gall.dcinside.com/board/view/?id=hongik&no=195924
chungang_fraud,중앙대 사기,125,125,0,0,0,0,,,2026-01-16,2026-01-17 04:24:10,https://gall.dcinside.com/board/view/?id=cau&no=372660
konkuk_fraud,건국대 사기,91,91,0,0,0,0,,,2026-01-16,2026-01-17 04:24:11,https://gall.dcinside.com/board/view/?id=konkuk&no=205884
seoul_national_fraud,서울대 사기,104,104,0,0,0,0,,,2026-01-16,2026-01-17 04:24:11,https://gall.dcinside.com/board/view/?id=seouluniversity&no=233126
korea_fraud,고려대 사기,120,120,0,0,0,0,,,2026-01-16,2026-01-17 04:24:12,https://gall.dcinside.com/board/view/?id=koreauniversity&no=143704
yonsei_fraud,연세대 사기,95,95,0,0,0,0,,,2026-01-16,2026-01-17 04:24:13,https://gall.dcinside.com/board/view/?id=yonseiuniversity&no=156889
duksung_fraud,덕성여자대 사기,69,69,0,0,0,0,,,2026-01-16,2026-01-17 04:24:14,https://gall.dcinside.com/board/view/?id=duksung&no=22891
sookmyung_womens_fraud,숙명여자대 사기,57,57,0,0,0,0,,,2026-01-16,2026-01-17 04:24:15,https://gall.dcinside.com/board/view/?id=sookmyungwomans_univ&no=22582
hufs_fraud,한국외국어대 사기,115,115,0,0,0,0,,,2026-01-16,2026-01-17 04:24:19,https://gall.dcinside.com/board/view/?id=hufs&no=248789
seoul_womens_uni_fraud_2,서울여자대 사기,85,85,0,0,0,0,,,2026-01-16,2026-01-17 04:24:19,https://gall.dcinside.com/board/view/?id=swu&no=9308
ewha_fraud,이화여자대 사기,90,90,0,0,0,0,,,2026-01-16,2026-01-17 04:24:20,https://gall.dcinside.com/board/view/?id=ewhawomans_univ&no=41313
kyunghee_fraud,경희대 사기,92,92,0,0,0,0,,,2026-01-16,2026-01-17 04:24:21,https://gall.dcinside.com/board/view/?id=khu&no=444097
hanyang_fraud,한양대 사기,78,78,0,0,0,0,,,2026-01-16,2026-01-17 04:24:22,https://gall.dcinside.com/board/view/?id=hanyang&no=202451
sungyunkwan_fraud,성균관대 사기,141,141,0,0,0,0,,,2026-01-16,2026-01-17 04:24:23,https://gall.dcinside.com/board/view/?id=skku&no=309286
sungshin_womens_fraud,성신여자대 사기,67,67,0,0,0,0,,,2026-01-16,2026-01-17 04:24:23,https://gall.dcinside.com/board/view/?id=sungshin&no=36982
dongdeok_womens_fraud,동덕여자대 사기,140,140,0,0,0,0,,,2026-01-16,2026-01-17 04:24:26,https://gall.dcinside.com/board/view/?id=dongduk&no=467073
k_arts_fraud,한국예술종합학교 사기,184,184,0,0,0,0,,,2026-01-16,2026-01-17 04:24:27,https://gall.dcinside.com/mgallery/board/view/?id=knua&no=550
hufs_hrw,한국외대 HRW,67,67,0,0,0,0,,,2026-01-16,2026-01-17 04:24:27,https://gall.dcinside.com/board/view/?id=hufs&no=248792
dongdeok_womens_hrw,동덕여대 HRW,93,93,0,0,0,0,,,2026-01-16,2026-01-17 04:24:28,https://gall.dcinside.com/board/view/?id=dongduk&no=467095
seoul_national_hrw,서울대 HRW,65,65,0,0,0,0,,,2026-01-16,2026-01-17 04:24:29,https://gall.dcinside.com/board/view/?id=seouluniversity&no=233155
r-dankook_hrw,단국대 HRW,81,81,0,0,0,0,,,2026-01-16,2026-01-17 04:24:30,https://gall.dcinside.com/board/view/?id=dankook&no=328295
r-gyeongsang_nat_hrw,경상국립대 HRW,68,68,0,0,0,0,,,2026-01-16,2026-01-17 04:24:35,https://gall.dcinside.com/board/view/?id=gsnu&no=107191
r-changwon_hrw,창원대 HRW,73,73,0,0,0,0,,,2026-01-16,2026-01-17 04:24:36,https://gall.dcinside.com/board/view/?id=changwon&no=47385
r-kaist_hrw,KAIST HRW,49,49,0,0,0,0,,,2026-01-16,2026-01-17 04:24:39,https://gall.dcinside.com/board/view/?id=kaist&no=26670
r-paichai_hrw,배재대 HRW,50,50,0,0,0,0,,,2026-01-16,2026-01-17 04:24:39,https://gall.dcinside.com/board/view/?id=pcu&no=67706
r-jeonbuk_nat_hrw,전북대 HRW,60,60,0,0,0,0,,,2026-01-16,2026-01-17 04:24:40,https://gall.dcinside.com/board/view/?id=chonbuk&no=282042
r-keimyung_hrw,계명대 HRW,63,63,0,0,0,0,,,2026-01-16,2026-01-17 04:24:43,https://gall.dcinside.com/board/view/?id=kmu&no=96178
r-yeungnam_hrw,영남대 HRW,102,102,0,0,0,0,,,2026-01-16,2026-01-17 04:24:43,https://gall.dcinside.com/board/view/?id=ynu&no=396121
r-daegu_hrw,대구대 HRW,53,53,0,0,0,0,,,2026-01-16,2026-01-17 04:24:44,https://gall.dcinside.com/board/view/?id=daegu&no=86632
r-kyonggi_hrw,경기대 HRW,108,108,0,0,0,0,,,2026-01-16,2026-01-17 04:24:45,https://gall.dcinside.com/board/view/?id=kyonggi&no=121476
duksung_hrw,덕성여대 HRW,49,49,0,0,0,0,,,2026-01-16,2026-01-17 04:24:46,https://gall.dcinside.com/board/view/?id=duksung&no=22893
r-chonnam_hrw,전남대 HRW,66,66,0,0,0,0,,,2026-01-16,2026-01-17 04:24:47,https://gall.dcinside.com/board/view/?id=chonnam&no=261281
r-chosun_hrw,조선대 HRW,110,110,0,0,0,0,,,2026-01-16,2026-01-17 04:24:48,https://gall.dcinside.com/board/view/?id=chosun&no=197314
r-incheon_hrw,인천대 HRW,71,71,0,0,0,0,,,2026-01-16,2026-01-17 04:24:48,https://gall.dcinside.com/board/view/?id=incheon&no=158891
r-ajou_hrw,아주대 HRW,63,63,0,0,0,0,,,2026-01-16,2026-01-17 04:24:49,https://gall.dcinside.com/board/view/?id=ajou&no=676437
r-hallym_hrw,한림대 HRW,63,63,0,0,0,0,,,2026-01-16,2026-01-17 04:24:50,https://gall.dcinside.com/board/view/?id=hallym&no=33171
korea_hrw,고려대 HRW,83,83,0,0,0,0,,,2026-01-16,2026-01-17 04:24:51,https://gall.dcinside.com/board/view/?id=koreauniversity&no=143718
seoul_womens_uni_hrw,서울여대 HRW,50,50,0,0,0,0,,,2026-01-16,2026-01-17 04:24:52,https://gall.dcinside.com/board/view/?id=swu&no=9312
r-pusan_hrw,부산대 HRW,87,87,0,0,0,0,,,2026-01-16,2026-01-17 04:24:52,https://gall.dcinside.com/board/view/?id=pusanu&no=652838
yonsei_hrw,연세대 HRW,68,68,0,0,0,0,,,2026-01-16,2026-01-17 04:24:56,https://gall.dcinside.com/board/view/?id=yonseiuniversity&no=156897
chungang_hrw,중앙대 HRW,55,55,0,0,0,0,,,2026-01-16,2026-01-17 04:24:57,https://gall.dcinside.com/board/view/?id=cau&no=372666
hongik_hrw,홍익대 HRW,39,39,0,0,0,0,,,2026-01-16,2026-01-17 04:24:58,https://gall.dcinside.com/board/view/?id=hongik&no=195932
hanyang_hrw,한양대 HRW,56,56,0,0,0,0,,,2026-01-16,2026-01-17 04:24:59,https://gall.dcinside.com/board/view/?id=hanyang&no=202453
ewha_hrw,이화여대 HRW,44,44,0,0,0,0,,,2026-01-16,2026-01-17 04:25:00,https://gall.dcinside.com/board/view/?id=ewhawomans_univ&no=41322
r-jeju_hrw,제주대 HRW,51,51,0,0,0,0,,,2026-01-16,2026-01-17 04:25:02,https://gall.dcinside.com/board/view/?id=cheju&no=33568
sungshin_womens_hrw,성신여대 HRW,44,44,0,0,0,0,,,2026-01-16,2026-01-17 04:25:04,https://gall.dcinside.com/board/view/?id=sungshin&no=36989
sejong_hrw,세종대 HRW,73,73,0,0,0,0,,,2026-01-16,2026-01-17 04:25:05,https://gall.dcinside.com/board/view/?id=sejong&no=260456
kyunghee_hrw,경희대 HRW,64,64,0,0,0,0,,,2026-01-16,2026-01-17 04:25:08,https://gall.dcinside.com/board/view/?id=khu&no=444103
sookmyung_womens_hrw,숙명여대 HRW,45,45,0,0,0,0,,,2026-01-16,2026-01-17 04:25:08,https://gall.dcinside.com/board/view/?id=sookmyungwomans_univ&no=22584
seoul_municipal_hrw,서울시립대 HRW,97,97,0,0,0,0,,,2026-01-16,2026-01-17 04:25:09,https://gall.dcinside.com/board/view/?id=uos&no=235849
konkuk_hrw,건국대 HRW,67,67,0,0,0,0,,,2026-01-16,2026-01-17 04:25:12,https://gall.dcinside.com/board/view/?id=konkuk&no=205900
r-bukyeong_hrw,부경대 HRW,0,0,0,0,0,0,,,2026-01-16,2026-01-17 04:25:13,https://gall.dcinside.com/board/view/?id=pknu&no=344704
sungyunkwan_hrw,성균관대 HRW,91,91,0,0,0,0,,,2026-01-16,2026-01-17 04:25:15,https://gall.dcinside.com/board/view/?id=skku&no=309293
r-dong_a_hrw,동아대 HRW,72,72,0,0,0,0,,,2026-01-16,2026-01-17 04:25:16,https://gall.dcinside.com/board/view/?id=dongau&no=426390
k_arts_hrw,한국예술종합학교 HRW,106,106,0,0,0,0,,,2026-01-16,2026-01-17 04:25:17,https://gall.dcinside.com/mgallery/board/view/?id=knua&no=552
k_arts_warning_custom,한국예술종합학교 경고,145,145,0,0,0,0,,,2026-01-16,2026-01-17 04:25:17,https://gall.dcinside.com/mgallery/board/view/?id=knua&no=556
dongguk_cdn_emb,동국대 캐나다 외교,0,0,0,0,0,0,,,2026-01-16,2026-01-17 04:25:20,https://gall.dcinside.com/board/view/?id=dongguk&no=128569
dongguk_oceania_6_frauds,동국대 오세아니아 6개대 사기,0,0,0,0,0,0,,,2026-01-16,2026-01-17 04:25:32,https://gall.dcinside.com/board/view/?id=dongguk&no=129026
